,ts_code,trade_date,turnover_rate,volume_ratio,pe,pb
6,603035.SH,20240403,1.4689,0.66,11.4295,1.2032
16,002677.SZ,20240403,0.4248,0.81,13.7166,3.2148
21,600051.SH,20240403,0.996,0.9,12.9782,0.5948
51,002101.SZ,20240403,1.3187,1.03,18.2233,1.1175
56,001228.SZ,20240403,2.7882,1.34,9.5312,1.6153
57,600507.SH,20240403,1.2945,1.79,14.6194,1.0924
58,601187.SH,20240403,1.0279,0.89,5.613,0.5892
72,603385.SH,20240403,0.782,0.91,18.4338,0.6204
73,002812.SZ,20240403,2.3182,1.05,10.5976,1.5771
78,600780.SH,20240403,1.0041,0.63,10.2013,1.2076
80,601166.SH,20240403,0.4045,0.91,4.1513,0.4526
81,600629.SH,20240403,1.9733,0.85,12.2364,1.0462
87,000014.SZ,20240403,4.5105,0.59,5.5204,1.7358
89,603586.SH,20240403,3.4264,1.03,14.5879,1.2678
96,001207.SZ,20240403,3.0849,1.14,18.3324,1.7702
97,002106.SZ,20240403,1.431,0.95,17.8684,1.2887
106,601658.SH,20240403,0.1613,0.88,5.4138,0.5951
107,002819.SZ,20240403,1.568,0.71,8.2919,1.6651
111,603328.SH,20240403,1.1158,0.76,19.5469,1.8332
112,603989.SH,20240403,0.5283,0.71,15.6007,2.0074
113,600884.SH,20240403,1.2834,1.28,10.2537,1.1918
130,600582.SH,20240403,0.4893,0.7,12.7754,1.3133
135,603323.SH,20240403,0.9031,0.56,5.523,0.5432
150,603855.SH,20240403,1.1594,0.62,17.0946,4.0636
156,603325.SH,20240403,5.1054,1.06,19.4809,2.1512
160,603408.SH,20240403,2.3814,1.93,15.5171,2.1281
177,603938.SH,20240403,1.0133,1.52,7.5621,2.3736
189,000425.SZ,20240403,0.7305,0.59,17.8048,1.3783
190,600325.SH,20240403,1.3146,0.78,7.5161,0.8357
196,000153.SZ,20240403,1.8814,0.74,17.3295,1.4351
199,600970.SH,20240403,0.7682,0.64,10.5754,1.6148
221,002973.SZ,20240403,1.1412,0.68,13.7044,2.0385
235,002250.SZ,20240403,1.4803,0.96,8.1747,0.834
237,002492.SZ,20240403,1.2094,0.82,16.395,1.2506
252,003019.SZ,20240403,2.7957,0.79,14.4094,2.4422
253,601928.SH,20240403,0.5002,0.83,13.4837,1.466
264,002911.SZ,20240403,0.412,0.7,16.4255,3.2672
267,002557.SZ,20240403,0.8485,0.93,18.7373,3.3706
273,600998.SH,20240403,0.335,0.98,15.3359,1.3621
276,002226.SZ,20240403,0.5797,0.77,16.207,1.4376
280,000906.SZ,20240403,0.725,1.4,5.3865,1.2061
286,601788.SH,20240403,0.5465,0.83,17.553,1.3018
290,600153.SH,20240403,1.109,1.28,4.9784,0.5623
301,000062.SZ,20240403,0.4394,1.08,10.6962,1.423
306,603565.SH,20240403,0.4744,0.52,11.4831,1.8397
316,603165.SH,20240403,1.9333,0.61,11.84,1.4979
320,605399.SH,20240403,1.8876,0.85,6.6052,1.931
324,600061.SH,20240403,0.2536,0.72,17.3935,0.8219
336,603235.SH,20240403,0.194,0.42,16.4102,2.4497
337,603987.SH,20240403,1.2893,0.88,11.2051,1.4936
343,001231.SZ,20240403,6.872,2.34,18.861,1.9152
344,600887.SH,20240403,0.6037,1.03,18.6776,3.3806
348,001311.SZ,20240403,3.6423,1.44,15.2295,1.6281
354,000922.SZ,20240403,3.8755,1.18,19.3969,2.1176
357,600256.SH,20240403,1.8293,1.31,4.4707,1.7593
358,600030.SH,20240403,0.4671,0.63,14.3993,1.1265
360,000828.SZ,20240403,0.7919,0.58,12.6159,1.1109
372,000506.SZ,20240403,22.9027,1.76,18.397,6.4481
380,000913.SZ,20240403,1.7132,0.72,17.0271,1.6332
384,600062.SH,20240403,0.8383,1.21,16.1444,1.9406
386,601216.SH,20240403,0.3099,1.15,7.7533,1.2144
393,605368.SH,20240403,2.4117,1.16,15.2893,2.4586
401,002533.SZ,20240403,4.1702,0.81,14.4458,1.9502
408,603866.SH,20240403,0.7015,1.03,17.8631,2.0157
418,600019.SH,20240403,0.3837,1.49,12.1064,0.7351
424,600395.SH,20240403,1.3452,2.1,6.154,1.131
435,601800.SH,20240403,0.4561,0.57,6.0645,0.5412
436,603568.SH,20240403,0.1899,0.78,19.5192,3.0705
447,603458.SH,20240403,2.0672,0.5,13.4493,0.6793
453,000937.SZ,20240403,2.0473,1.81,6.1909,1.2765
457,002507.SZ,20240403,0.7529,0.98,18.8183,1.8867
462,600361.SH,20240403,11.2801,0.72,18.9936,2.091
463,603100.SH,20240403,1.1447,1.48,18.7664,2.7579
470,601985.SH,20240403,0.5442,1.01,18.6741,1.8952
472,600295.SH,20240403,0.8913,2.01,6.8543,1.5522
478,003036.SZ,20240403,0.9252,0.88,16.76,1.6182
493,603529.SH,20240403,1.0901,0.78,14.6259,3.7563
494,000900.SZ,20240403,1.0484,1.83,10.7959,0.5406
496,601156.SH,20240403,2.6539,0.79,7.8443,1.9503
498,600097.SH,20240403,16.8377,10.9,18.2046,1.2045
512,002283.SZ,20240403,1.121,0.75,16.2109,1.0517
519,002948.SZ,20240403,0.5238,0.5,5.4454,0.5915
524,000723.SZ,20240403,1.0255,1.01,12.9831,1.9714
527,002258.SZ,20240403,1.209,1.13,12.6318,1.0181
529,601107.SH,20240403,0.5406,1.11,13.7061,1.038
533,000521.SZ,20240403,3.0578,0.91,12.6336,1.6073
536,000762.SZ,20240403,6.4754,1.74,15.858,4.4647
544,002441.SZ,20240403,0.9318,0.87,15.0269,0.9716
548,600008.SH,20240403,0.7173,0.97,6.6335,1.1001
552,000001.SZ,20240403,0.506,0.86,4.3695,0.5045
555,002078.SZ,20240403,0.6043,0.82,14.9242,1.61
559,601939.SH,20240403,0.5335,0.55,5.2234,0.589
567,601128.SH,20240403,1.2953,1.01,6.089,0.811
569,000002.SZ,20240403,2.0165,1.32,8.0338,0.3896
570,600533.SH,20240403,0.7687,0.74,13.4133,0.5838
571,002736.SZ,20240403,0.1549,1.0,13.6892,1.0529
585,600968.SH,20240403,0.6638,1.39,15.8183,1.609
588,002788.SZ,20240403,0.8555,0.8,9.3765,1.1354
589,000848.SZ,20240403,1.0034,1.52,14.7594,3.0678
591,601568.SH,20240403,0.4693,1.27,12.6294,1.5406
596,600510.SH,20240403,0.6597,0.72,8.8574,0.5322
601,600623.SH,20240403,0.7851,1.24,10.8135,0.631
603,000935.SZ,20240403,0.1894,0.64,14.585,1.6803
607,000915.SZ,20240403,1.1356,0.86,14.458,2.8377
612,603579.SH,20240403,0.6063,0.86,16.8992,1.4195
614,002271.SZ,20240403,1.1208,0.67,19.2422,1.41
621,600643.SH,20240403,0.4548,0.89,15.0433,0.5669
622,600875.SH,20240403,0.9161,0.79,13.4433,1.2817
624,603613.SH,20240403,2.4554,0.65,15.3412,2.5774
631,002061.SZ,20240403,0.8378,0.93,6.2746,0.7276
632,603816.SH,20240403,0.4808,0.96,17.272,3.3395
639,600487.SH,20240403,0.9795,0.56,19.2536,1.2264
652,002839.SZ,20240403,0.8596,0.79,5.1983,0.6172
653,601916.SH,20240403,0.4804,0.67,5.4754,0.511
656,603013.SH,20240403,1.1426,0.95,17.2654,2.0047
664,002443.SZ,20240403,2.4556,1.16,14.9039,1.0634
667,600050.SH,20240403,0.3347,0.6,18.1714,0.9327
675,000617.SZ,20240403,0.2936,0.74,14.576,0.7171
681,600829.SH,20240403,0.8137,0.81,13.4571,1.429
682,001225.SZ,20240403,2.067,0.9,19.6569,1.546
690,603073.SH,20240403,9.6631,2.04,18.0843,1.5692
695,600525.SH,20240403,0.5653,0.89,9.2316,1.1998
696,600380.SH,20240403,1.109,2.3,14.7144,1.5433
697,603191.SH,20240403,6.4284,0.83,19.8262,2.4416
700,002312.SZ,20240403,2.3606,1.52,12.9937,1.5207
713,603180.SH,20240403,0.432,0.96,12.5285,1.3144
739,003033.SZ,20240403,0.9223,1.03,12.528,1.8731
742,002384.SZ,20240403,2.461,1.06,10.7538,1.4708
743,003020.SZ,20240403,1.3307,0.79,16.1389,2.1084
747,001308.SZ,20240403,2.0071,0.79,11.8696,2.7808
764,600814.SH,20240403,1.7106,1.6,18.3656,1.3749
770,603187.SH,20240403,0.7044,0.66,14.6869,1.5199
792,600508.SH,20240403,1.646,1.65,10.7686,0.8275
803,600681.SH,20240403,0.4891,1.47,13.162,1.5433
806,600319.SH,20240403,9.2146,4.55,16.9554,3.2995
813,601016.SH,20240403,0.6957,1.1,12.9407,1.187
816,003041.SZ,20240403,4.0276,1.11,12.5034,1.4827
820,000026.SZ,20240403,1.0328,0.77,13.6463,1.3638
824,600021.SH,20240403,0.8634,0.9,15.5458,1.369
840,002563.SZ,20240403,0.7091,1.29,13.8127,1.3478
843,002264.SZ,20240403,0.948,0.94,16.3813,2.1203
847,603688.SH,20240403,3.1453,1.19,6.8533,4.587
850,600000.SH,20240403,0.086,0.76,4.1472,0.3467
853,002026.SZ,20240403,1.0433,0.8,17.3356,1.0648
855,002412.SZ,20240403,2.3662,0.96,17.052,1.5332
859,000333.SZ,20240403,0.3017,0.64,13.7912,2.8555
877,000027.SZ,20240403,0.4864,0.8,15.7742,1.1375
885,002326.SZ,20240403,4.5312,1.54,18.0796,2.7019
887,603903.SH,20240403,2.1956,0.9,19.0368,1.3472
902,601330.SH,20240403,0.4543,1.12,15.3455,1.2723
903,603365.SH,20240403,1.5446,1.1,16.7126,1.6504
904,603281.SH,20240403,0.6499,0.92,14.1193,1.9363
907,002938.SZ,20240403,0.7373,0.92,15.4322,1.7107
918,000910.SZ,20240403,0.7254,1.05,12.2403,0.6074
920,600867.SH,20240403,1.1541,0.84,18.0612,2.925
921,600389.SH,20240403,5.8089,3.12,3.5345,1.8118
939,603867.SH,20240403,0.5287,0.6,15.6826,2.5081
942,600908.SH,20240403,0.6915,0.65,5.1364,0.6011
946,601000.SH,20240403,0.9155,0.92,13.3606,1.2875
973,601988.SH,20240403,0.0623,0.76,5.6871,0.5914
975,600236.SH,20240403,0.1,0.9,14.3691,2.8035
986,002293.SZ,20240403,0.2258,0.73,14.5068,2.0313
987,600098.SH,20240403,2.3824,2.2,18.132,0.966
993,002732.SZ,20240403,1.5999,0.86,15.758,2.0374
1004,002327.SZ,20240403,1.1813,0.94,17.1799,2.4981
1006,001872.SZ,20240403,0.3586,1.02,12.652,0.7678
1008,600664.SH,20240403,1.0287,1.12,16.4516,1.6516
1011,002978.SZ,20240403,0.7554,1.66,12.3808,2.344
1018,603215.SH,20240403,5.8339,1.75,19.7739,3.2395
1026,601328.SH,20240403,0.2445,0.67,5.2136,0.5294
1034,600409.SH,20240403,1.6813,1.7,11.1706,0.8283
1055,000028.SZ,20240403,0.9578,1.46,11.8747,1.0137
1058,600742.SH,20240403,2.3962,0.68,12.4906,0.791
1062,600015.SH,20240403,0.1597,0.68,4.1639,0.3742
1072,601918.SH,20240403,1.1914,0.72,10.9302,1.7054
1074,002538.SZ,20240403,1.4143,1.36,8.4138,0.8502
1075,603053.SH,20240403,0.2631,0.79,17.8302,1.9782
1079,603757.SH,20240403,0.824,1.08,14.653,2.4578
1089,600575.SH,20240403,1.3704,1.0,12.7287,0.9804
1091,603081.SH,20240403,0.8031,0.91,15.1014,1.5471
1102,600901.SH,20240403,0.6687,0.88,8.7415,1.247
1103,002353.SZ,20240403,3.3684,2.7,13.7202,1.7429
1106,002365.SZ,20240403,1.4834,0.91,16.1462,1.1092
1108,002206.SZ,20240403,1.4384,1.01,16.0602,1.4711
1118,000338.SZ,20240403,0.8651,0.76,17.2035,1.9546
1127,600761.SH,20240403,1.3033,1.14,18.0583,2.1854
1140,600790.SH,20240403,0.2718,0.78,4.6561,0.9159
1143,603228.SH,20240403,0.4786,0.8,15.7895,2.0897
1148,000012.SZ,20240403,0.8806,1.12,8.5615,1.258
1151,600278.SH,20240403,0.5578,1.05,15.0536,0.7762
1152,601098.SH,20240403,0.4736,0.82,16.1344,1.4656
1153,000897.SZ,20240403,1.6411,0.63,6.9022,1.342
1161,002484.SZ,20240403,0.8265,0.55,19.9372,2.4638
1165,601398.SH,20240403,0.0809,0.76,5.2189,0.5583
1169,605123.SH,20240403,0.6091,0.85,17.1819,1.976
1170,600717.SH,20240403,0.8218,1.35,13.237,0.6974
1174,603280.SH,20240403,4.3655,1.05,19.8689,1.857
1175,600481.SH,20240403,0.7324,0.72,14.9493,2.1335
1177,002615.SZ,20240403,5.5966,1.12,13.8571,2.3581
1180,002056.SZ,20240403,1.528,2.17,13.48,2.7185
1181,600188.SH,20240403,1.1268,1.48,9.0132,3.2327
1182,002459.SZ,20240403,1.3509,1.11,10.7434,1.7192
1189,600682.SH,20240403,0.86,1.35,11.2937,0.4663
1199,600821.SH,20240403,0.4707,0.86,15.8522,1.3334
1206,002105.SZ,20240403,1.5294,0.87,9.8085,1.9645
1207,601728.SH,20240403,0.3072,0.44,18.0335,1.2396
1211,002360.SZ,20240403,1.4976,1.04,14.1293,1.4291
1230,601857.SH,20240403,0.1747,1.46,11.562,1.2881
1237,603966.SH,20240403,1.9834,0.47,14.4386,2.0074
1240,002125.SZ,20240403,2.674,2.15,15.6206,2.2089
1246,600323.SH,20240403,0.926,0.99,12.1056,1.1451
1247,002088.SZ,20240403,0.4065,0.69,13.7289,2.8266
1258,000513.SZ,20240403,0.8413,0.82,17.6885,2.4476
1261,600938.SH,20240403,1.8458,1.04,11.492,2.1351
1265,600596.SH,20240403,1.8786,1.4,3.9786,0.9265
1271,605336.SH,20240403,0.971,1.2,11.1508,1.2384
1291,603444.SH,20240403,2.2839,0.77,11.8468,2.986
1302,000830.SZ,20240403,2.0215,1.8,6.268,1.1898
1304,000156.SZ,20240403,2.0233,0.55,18.0244,0.9742
1309,603657.SH,20240403,4.6708,0.99,17.7177,1.7804
1310,603612.SH,20240403,9.9228,2.59,8.5442,1.2832
1318,002545.SZ,20240403,1.6374,2.02,11.3316,1.0958
1321,000422.SZ,20240403,3.12,1.87,4.6872,1.5465
1323,600173.SH,20240403,2.3593,2.21,9.7091,0.7826
1335,600782.SH,20240403,1.5626,1.32,11.3637,0.4479
1343,000552.SZ,20240403,1.4732,2.41,5.2015,1.0362
1347,000068.SZ,20240403,4.0319,1.12,6.2043,5.8004
1349,603026.SH,20240403,3.6749,2.84,8.7897,1.9829
1355,002318.SZ,20240403,0.632,1.41,17.1632,3.1924
1367,002008.SZ,20240403,0.8441,0.71,16.4649,1.2352
1369,601211.SH,20240403,0.4057,0.81,13.0423,0.8314
1382,002818.SZ,20240403,1.3105,1.11,13.0797,1.7783
1383,000548.SZ,20240403,3.9027,1.56,16.0805,1.1956
1397,601975.SH,20240403,4.938,1.55,11.5959,2.0397
1400,000923.SZ,20240403,6.7804,2.6,18.0059,1.3214
1401,002427.SZ,20240403,0.636,1.03,7.6391,3.8765
1412,600768.SH,20240403,11.4106,4.31,8.5066,3.7114
1421,601288.SH,20240403,0.0758,0.64,5.5741,0.6232
1426,000623.SZ,20240403,0.6819,0.94,10.2526,0.6618
1434,000589.SZ,20240403,7.7285,2.05,16.5146,0.9887
1460,600639.SH,20240403,0.8402,0.47,8.2219,0.9225
1462,600835.SH,20240403,0.5665,0.81,12.417,0.922
1473,603811.SH,20240403,0.9474,1.07,16.5695,2.3416
1488,600027.SH,20240403,0.5031,0.73,15.6281,1.8075
1496,603707.SH,20240403,2.3866,1.89,18.2586,2.9372
1498,001205.SZ,20240403,3.0088,1.33,18.111,1.9087
1515,600367.SH,20240403,5.6391,3.23,18.6237,1.7358
1517,600251.SH,20240403,1.5665,0.89,9.472,1.8157
1525,600820.SH,20240403,1.0292,0.89,7.2973,0.7511
1528,000733.SZ,20240403,2.7479,1.15,12.1303,2.1012
1539,002208.SZ,20240403,0.7802,0.78,12.5903,0.6338
1553,001222.SZ,20240403,3.9867,0.49,15.4723,2.0319
1559,002062.SZ,20240403,0.459,0.87,12.768,1.0909
1560,600854.SH,20240403,1.4004,0.85,18.7721,0.9938
1566,601222.SH,20240403,0.6052,1.07,15.3791,0.8605
1593,002129.SZ,20240403,1.3384,0.75,7.1391,1.1115
1603,600177.SH,20240403,0.3149,1.18,6.5767,0.8836
1607,603876.SH,20240403,7.7752,2.79,7.0727,1.5338
1608,603611.SH,20240403,1.8048,0.97,12.6243,1.9755
1610,601229.SH,20240403,0.1619,0.7,4.3295,0.4553
1618,601868.SH,20240403,0.931,0.79,11.3806,0.9002
1619,600779.SH,20240403,0.5513,0.89,19.292,5.6571
1622,603301.SH,20240403,0.4204,0.35,8.0898,1.0429
1624,000517.SZ,20240403,0.8004,0.61,11.4053,0.7834
1632,603040.SH,20240403,0.7735,0.83,18.4151,2.4053
1634,600863.SH,20240403,0.9379,0.79,17.3358,1.9334
1641,000719.SZ,20240403,3.7405,0.56,11.7766,1.1127
1646,600493.SH,20240403,6.2524,0.96,6.0569,1.4907
1665,600167.SH,20240403,0.2162,0.92,13.889,1.2196
1666,603299.SH,20240403,1.672,0.57,8.7153,1.3116
1679,000912.SZ,20240403,0.7104,1.33,18.6142,1.0517
1683,000011.SZ,20240403,1.0362,0.97,10.8917,1.0841
1684,600941.SH,20240403,0.9086,0.83,16.9774,1.7123
1686,002592.SZ,20240403,2.2787,0.71,15.174,1.9679
1698,000973.SZ,20240403,1.2731,0.88,19.2159,1.4598
1700,000822.SZ,20240403,3.093,1.35,6.1553,1.2408
1710,603809.SH,20240403,1.3847,0.82,17.8848,1.7812
1713,603279.SH,20240403,0.6178,0.8,14.7919,3.3788
1714,002737.SZ,20240403,2.0427,0.97,16.9775,3.2796
1716,603393.SH,20240403,2.0498,2.26,15.1475,2.01
1724,605183.SH,20240403,0.528,1.24,15.1068,2.0036
1726,603128.SH,20240403,1.0549,0.74,10.2267,1.5649
1734,000776.SZ,20240403,0.5232,1.18,14.4278,0.889
1736,600702.SH,20240403,2.189,0.92,14.69,3.5978
1741,600011.SH,20240403,0.2977,0.74,17.5465,2.822
1747,000055.SZ,20240403,1.2233,1.18,16.457,0.7531
1749,000049.SZ,20240403,1.2076,0.66,16.2585,1.4518
1751,002440.SZ,20240403,0.6966,1.15,12.0074,0.7663
1760,002984.SZ,20240403,1.9344,0.67,16.9186,2.0504
1764,600551.SH,20240403,2.1323,0.64,18.3422,1.17
1765,002020.SZ,20240403,1.367,0.81,14.914,1.6745
1770,605050.SH,20240403,0.7796,1.18,19.4251,1.407
1773,002091.SZ,20240403,5.9155,5.55,7.56,0.8806
1785,601766.SH,20240403,0.3234,0.92,16.9082,1.2302
1789,601169.SH,20240403,0.1965,0.67,4.8588,0.4903
1792,603787.SH,20240403,2.8473,1.04,15.9792,1.6687
1795,601963.SH,20240403,0.7633,1.4,5.3072,0.5356
1802,000525.SZ,20240403,1.289,0.75,7.2329,4.1602
1804,001331.SZ,20240403,28.4659,3.96,14.6047,1.6814
1811,600352.SH,20240403,0.7975,1.51,9.5548,0.8865
1821,000928.SZ,20240403,1.2448,0.96,14.1849,1.1426
1825,002662.SZ,20240403,1.5019,0.63,10.0703,1.2355
1827,603713.SH,20240403,1.6143,1.39,14.2374,2.1564
1833,600233.SH,20240403,0.3394,0.88,14.0774,1.9505
1842,600731.SH,20240403,1.3068,1.25,12.4901,1.138
1843,603600.SH,20240403,2.0197,0.75,12.2154,1.9853
1850,600060.SH,20240403,0.6213,0.85,14.6245,1.6222
1852,601598.SH,20240403,0.627,0.81,10.7119,1.1964
1861,601001.SH,20240403,0.914,0.74,8.9464,1.6918
1879,600710.SH,20240403,0.9997,1.28,11.9995,1.5901
1884,601528.SH,20240403,1.1781,0.6,5.6918,0.5912
1887,603967.SH,20240403,9.5865,1.94,16.4845,1.7415
1888,000159.SZ,20240403,2.4072,2.69,9.8269,1.2093
1896,002120.SZ,20240403,0.912,1.16,14.2899,1.1748
1899,603366.SH,20240403,0.9502,0.62,16.8673,1.1105
1929,600328.SH,20240403,2.3061,2.31,6.3583,1.0302
1930,001965.SZ,20240403,0.5776,1.41,11.3695,1.2125
1931,600120.SH,20240403,0.5138,0.62,13.7449,0.8291
1934,600603.SH,20240403,0.7335,0.82,16.3605,1.4403
1937,605222.SH,20240403,1.209,1.28,16.4413,1.5858
1947,000983.SZ,20240403,1.5114,1.67,5.5172,1.5991
1951,002081.SZ,20240403,0.3973,0.83,7.2198,0.7004
1953,603102.SH,20240403,3.732,0.8,17.4346,1.589
1957,002853.SZ,20240403,8.8556,1.05,12.2777,1.4219
1966,600736.SH,20240403,0.5723,0.58,17.3585,0.7227
1970,000932.SZ,20240403,2.0158,1.76,7.2779,0.694
1971,002841.SZ,20240403,0.5553,0.8,11.7278,1.9499
1977,601377.SH,20240403,0.3045,0.7,18.0771,0.9006
1984,605166.SH,20240403,0.8123,0.46,16.9399,1.9795
1994,600971.SH,20240403,2.387,1.83,7.5739,1.2236
1996,002192.SZ,20240403,4.5809,1.64,4.4515,3.3978
2004,603588.SH,20240403,3.4395,1.62,14.472,1.0582
2005,002432.SZ,20240403,2.9909,0.63,1.2682,1.047
2010,002815.SZ,20240403,1.3942,0.81,14.7466,1.3508
2016,603086.SH,20240403,2.5599,1.72,5.2926,0.9507
2034,002532.SZ,20240403,2.0132,1.6,12.5315,1.4105
2035,002807.SZ,20240403,0.8596,0.56,5.019,0.5717
2036,601688.SH,20240403,0.6218,0.97,9.9991,0.8311
2042,600309.SH,20240403,0.3147,0.66,15.8521,3.0067
2044,600271.SH,20240403,0.5022,0.77,16.1934,1.2233
2055,600277.SH,20240403,0.6319,0.96,11.5956,0.4981
2060,000791.SZ,20240403,1.226,0.95,18.1533,1.088
2062,600373.SH,20240403,1.4599,1.08,10.4385,1.137
2065,603489.SH,20240403,0.3907,0.72,12.3431,2.307
2067,002158.SZ,20240403,0.7348,0.83,17.0116,2.9609
2076,603357.SH,20240403,3.4428,0.53,11.2128,1.6046
2084,600176.SH,20240403,1.1114,1.03,14.6874,1.5612
2094,600111.SH,20240403,2.7638,3.45,12.5604,3.6326
2122,600377.SH,20240403,0.2559,0.82,12.8076,1.6631
2124,000739.SZ,20240403,0.9431,0.96,14.3276,2.4299
2134,600211.SH,20240403,1.0013,0.72,14.1132,3.3796
2141,600123.SH,20240403,2.1836,1.63,5.1001,1.0778
2155,002865.SZ,20240403,2.2343,0.76,17.5277,3.0358
2157,000785.SZ,20240403,0.3443,1.06,11.71,0.9813
2162,601298.SH,20240403,0.2213,0.94,9.9542,1.2168
2163,601117.SH,20240403,0.5357,0.77,7.6492,0.7435
2170,000402.SZ,20240403,0.4676,0.81,10.983,0.2544
2174,600362.SH,20240403,3.4859,1.8,13.4781,1.3004
2195,603387.SH,20240403,0.9816,0.47,9.5553,1.8989
2198,000528.SZ,20240403,1.8228,1.24,19.6963,1.0403
2201,600348.SH,20240403,2.3567,2.27,4.9705,1.2527
2202,002471.SZ,20240403,1.7663,0.83,15.651,2.3791
2206,600873.SH,20240403,0.9305,1.23,9.8548,2.2133
2207,002932.SZ,20240403,4.3609,0.84,1.2089,0.8366
2208,002597.SZ,20240403,0.6045,0.99,6.591,1.6045
2210,601869.SH,20240403,1.1003,0.74,16.2921,1.8694
2211,600777.SH,20240403,4.0714,2.03,6.0005,0.9742
2214,600096.SH,20240403,1.8745,1.54,8.0314,1.9378
2215,601811.SH,20240403,0.4549,0.67,11.5637,1.3971
2224,002393.SZ,20240403,1.3823,0.96,12.8371,0.9473
2229,603214.SH,20240403,3.2274,1.97,19.4565,1.7901
2239,600035.SH,20240403,0.8382,0.72,9.8036,0.8791
2245,600470.SH,20240403,4.4555,1.88,12.9199,1.3935
2249,000415.SZ,20240403,1.4276,0.52,11.1499,0.4826
2251,000429.SZ,20240403,0.7878,0.99,12.7843,2.1211
2252,601952.SH,20240403,0.5947,1.21,17.5284,2.1836
2264,002540.SZ,20240403,2.003,1.16,11.3346,1.4236
2270,000063.SZ,20240403,1.6913,0.61,13.9614,1.9145
2273,600483.SH,20240403,0.5051,0.73,10.3293,1.288
2277,600528.SH,20240403,0.5226,0.75,9.8604,0.7587
2285,601618.SH,20240403,1.2232,1.64,8.0787,0.7142
2286,002203.SZ,20240403,0.8579,1.73,16.6546,1.5228
2295,605077.SH,20240403,0.4495,1.13,14.9019,1.6573
2302,002773.SZ,20240403,0.516,0.98,17.9551,2.1231
2306,603150.SH,20240403,1.47,0.88,15.837,1.719
2308,601199.SH,20240403,0.5451,0.81,16.3083,1.2493
2313,002142.SZ,20240403,0.5131,0.79,6.0613,0.7929
2320,600179.SH,20240403,0.5357,1.28,17.1445,0.9578
2325,603823.SH,20240403,6.6806,9.48,17.1973,1.7019
2327,601669.SH,20240403,0.542,0.76,7.6223,0.6859
2330,002225.SZ,20240403,1.5886,1.16,14.3991,1.0602
2334,603227.SH,20240403,0.9159,0.92,11.8952,1.812
2335,603368.SH,20240403,1.4377,1.0,10.7803,1.203
2350,601033.SH,20240403,6.3168,1.34,17.6489,1.2799
2360,603093.SH,20240403,0.5484,0.8,15.9555,1.7313
2361,600269.SH,20240403,0.7252,0.81,9.1052,0.607
2371,600036.SH,20240403,0.2414,0.8,5.5445,0.8779
2373,600853.SH,20240403,1.3224,0.71,11.2705,1.439
2382,002010.SZ,20240403,0.5308,0.91,17.2553,0.715
2383,601611.SH,20240403,0.361,0.77,12.3515,1.1826
2387,002508.SZ,20240403,0.4644,1.17,14.5999,2.2572
2404,002555.SZ,20240403,2.5223,0.94,13.0548,3.1256
2431,002255.SZ,20240403,2.8845,1.27,13.1429,1.1688
2445,600033.SH,20240403,1.0805,1.31,11.0378,0.8366
2448,601168.SH,20240403,3.0518,1.65,17.5994,3.2152
2451,002648.SZ,20240403,1.0873,1.24,13.3705,2.5148
2459,000807.SZ,20240403,2.9154,1.51,13.273,2.0407
2461,600438.SH,20240403,0.5368,0.96,4.4343,1.8317
2462,603012.SH,20240403,0.8556,0.66,8.9005,1.0435
2469,600063.SH,20240403,0.9553,1.03,6.6001,1.1465
2484,605287.SH,20240403,1.4729,0.87,9.7831,1.0525
2490,603689.SH,20240403,1.455,1.43,16.5826,1.4646
2491,603002.SH,20240403,3.7117,1.05,11.5285,1.4021
2492,600584.SH,20240403,1.8979,0.41,15.0499,1.8851
2499,603065.SH,20240403,1.369,0.93,18.2156,2.1628
2501,600925.SH,20240403,0.6167,1.45,13.5093,2.3703
2521,603898.SH,20240403,0.2993,0.48,6.983,1.0355
2528,000887.SZ,20240403,1.4438,1.15,15.9468,1.3044
2529,605577.SH,20240403,5.1436,0.84,17.631,2.2581
2532,601101.SH,20240403,1.4516,1.81,8.1453,0.9714
2539,603331.SH,20240403,2.7638,0.77,19.2076,1.7774
2544,601699.SH,20240403,1.5542,1.29,4.5204,1.3326
2549,600163.SH,20240403,0.601,0.87,11.5888,1.4169
2560,600425.SH,20240403,1.5476,0.92,13.2634,0.9867
2561,002606.SZ,20240403,0.8942,0.78,17.2363,2.0049
2563,002543.SZ,20240403,1.9386,2.76,13.9112,1.6706
2570,600048.SH,20240403,0.7372,0.67,5.722,0.5419
2583,600350.SH,20240403,0.3028,1.16,14.1893,1.3782
2589,002014.SZ,20240403,0.7731,0.92,15.911,2.6419
2594,002761.SZ,20240403,1.4927,0.58,9.6632,1.418
2602,600740.SH,20240403,0.9482,2.57,4.9417,0.8394
2603,000811.SZ,20240403,1.4284,0.69,13.4274,1.635
2606,605006.SH,20240403,0.772,0.78,6.9216,1.3811
2620,600690.SH,20240403,0.6781,0.97,14.9846,2.4025
2621,002029.SZ,20240403,1.7256,2.05,16.0304,0.6736
2627,002624.SZ,20240403,2.8752,0.74,14.988,2.2718
2628,000987.SZ,20240403,0.2673,0.6,11.7515,0.9866
2630,603901.SH,20240403,2.3203,1.58,14.958,1.6323
2633,000886.SZ,20240403,1.2455,1.11,17.7868,1.4781
2644,000034.SZ,20240403,4.1794,0.79,16.2169,2.2389
2650,601139.SH,20240403,0.3655,1.04,14.9837,1.5063
2686,000059.SZ,20240403,1.1486,1.17,16.8784,0.6441
2700,603665.SH,20240403,0.6452,0.82,15.1882,2.4033
2719,600229.SH,20240403,2.2203,0.72,15.5449,1.673
2732,000755.SZ,20240403,1.1219,1.15,15.5212,1.3798
2735,600012.SH,20240403,0.2855,0.69,13.9089,1.8241
2740,002216.SZ,20240403,0.6113,0.95,13.6778,2.652
2747,601600.SH,20240403,2.1334,1.43,19.1331,2.1988
2757,000006.SZ,20240403,0.8533,0.67,12.4505,0.6721
2764,600390.SH,20240403,0.5762,1.03,8.5515,0.5202
2770,601601.SH,20240403,0.3888,0.69,8.3331,0.9101
2771,002539.SZ,20240403,1.5705,1.71,6.5569,1.2064
2774,001332.SZ,20240403,2.4506,0.89,13.4238,1.4233
2779,601518.SH,20240403,1.0086,1.09,11.9589,0.968
2782,603182.SH,20240403,1.5125,0.91,17.3209,1.9792
2795,000960.SZ,20240403,3.8233,2.07,19.4867,1.4974
2798,601872.SH,20240403,0.9194,1.68,13.8397,1.8146
2804,000893.SZ,20240403,5.9898,1.81,9.2809,1.7146
2806,600208.SH,20240403,0.373,0.77,9.5262,0.4071
2807,000036.SZ,20240403,0.7893,1.1,9.8759,0.8123
2808,600872.SH,20240403,1.9513,0.91,13.093,4.7225
2818,600141.SH,20240403,3.1093,1.8,16.2658,1.1007
2822,605090.SH,20240403,2.5425,1.6,16.0092,2.3437
2824,002057.SZ,20240403,2.0613,1.3,14.5082,1.833
2825,002233.SZ,20240403,0.7107,0.82,12.2039,0.7571
2839,600195.SH,20240403,1.1477,1.22,18.4712,1.8398
2842,603213.SH,20240403,4.0085,2.13,11.1272,2.5092
2844,000895.SZ,20240403,0.254,0.28,18.2739,4.43
2845,603882.SH,20240403,0.5697,1.46,9.2025,2.9888
2848,600219.SH,20240403,1.2002,1.51,12.0996,0.8695
2849,000731.SZ,20240403,1.7232,1.61,6.5391,1.0084
2852,603155.SH,20240403,0.3989,1.04,13.4717,1.8105
2856,605168.SH,20240403,1.6569,0.91,12.1159,3.2541
2860,601577.SH,20240403,0.3345,0.8,4.6585,0.5278
2865,603217.SH,20240403,1.2898,1.27,7.4123,1.1253
2866,600308.SH,20240403,0.4279,0.87,12.9599,0.5965
2874,002836.SZ,20240403,1.1861,0.89,19.5341,4.5165
2877,600662.SH,20240403,0.6898,1.21,19.605,2.5954
2878,002562.SZ,20240403,2.8089,0.43,12.081,1.1677
2880,002180.SZ,20240403,0.5839,0.92,18.1795,2.1186
2889,600248.SH,20240403,0.4461,0.92,4.26,0.7204
2894,002727.SZ,20240403,1.5544,0.99,11.4127,1.4881
2904,000880.SZ,20240403,2.2733,0.78,18.3692,1.5745
2907,000779.SZ,20240403,0.7849,0.74,18.5608,1.1765
2925,603230.SH,20240403,13.7788,0.54,18.5988,1.9267
2932,600392.SH,20240403,6.271,3.86,11.825,2.1359
2933,600475.SH,20240403,0.3809,0.59,14.365,1.3123
2936,600546.SH,20240403,2.4326,0.92,7.1486,1.9422
2947,002721.SZ,20240403,0.8994,1.08,12.0789,3.9145
2950,600583.SH,20240403,1.4644,1.03,18.744,1.2251
2965,600668.SH,20240403,0.5831,0.87,11.086,0.615
2968,603877.SH,20240403,0.54,0.84,18.7432,1.7745
2982,002556.SZ,20240403,0.692,0.98,9.9237,1.3145
2992,600018.SH,20240403,0.1555,1.57,9.8405,1.0548
2994,000597.SZ,20240403,0.7606,0.99,19.2961,1.3866
2997,600869.SH,20240403,0.6384,0.92,16.645,1.944
3015,600794.SH,20240403,1.3997,1.33,18.1654,1.8016
3019,002080.SZ,20240403,1.6987,1.15,12.3656,1.4816
3021,603968.SH,20240403,1.1054,0.92,5.9902,1.1862
3026,001323.SZ,20240403,1.3822,0.97,18.3099,2.8966
3027,000404.SZ,20240403,4.9856,1.6,13.9138,1.3177
3029,002034.SZ,20240403,0.5503,0.67,8.277,0.9587
3031,000065.SZ,20240403,0.8707,0.65,12.8681,1.4185
3035,000591.SZ,20240403,0.7374,0.99,14.8865,0.9048
3036,002993.SZ,20240403,0.9862,1.03,19.4001,1.8159
3037,603259.SH,20240403,2.9291,0.89,14.4457,2.5637
3041,601318.SH,20240403,0.4308,1.22,8.6093,0.8204
3044,600479.SH,20240403,1.514,1.24,15.6522,1.9899
3047,603309.SH,20240403,0.8298,0.74,19.8172,1.867
3048,002381.SZ,20240403,3.444,1.09,13.7346,1.5807
3050,600064.SH,20240403,0.7485,1.3,4.5665,0.6241
3065,002462.SZ,20240403,0.7497,0.83,12.496,0.8783
3066,603659.SH,20240403,1.5799,1.29,14.18,2.5105
3080,601390.SH,20240403,0.4526,0.75,5.2484,0.6214
3095,600426.SH,20240403,0.9162,0.96,16.0263,1.9836
3105,000544.SZ,20240403,0.9308,0.75,8.4423,0.9678
3107,603603.SH,20240403,2.7442,0.43,0.2486,0.2324
3108,600210.SH,20240403,3.6283,1.46,14.8544,1.4407
3112,600909.SH,20240403,0.5978,0.68,17.3246,1.0685
3128,002643.SZ,20240403,1.1259,1.19,17.3819,1.8754
3130,002466.SZ,20240403,2.2073,1.37,11.4725,1.625
3136,603380.SH,20240403,1.075,0.59,18.0872,2.4348
3139,600585.SH,20240403,0.3105,0.84,11.325,0.6374
3142,605369.SH,20240403,0.3169,1.15,15.8639,3.3148
3145,601065.SH,20240403,10.2046,0.82,16.4012,1.6821
3148,603856.SH,20240403,0.5108,0.72,18.4582,1.2345
3157,601666.SH,20240403,2.8615,1.75,8.0736,1.3222
3173,002895.SZ,20240403,2.0631,0.9,13.565,1.8676
3177,002154.SZ,20240403,1.4551,0.75,19.6582,2.1481
3180,603995.SH,20240403,1.0551,0.92,12.7496,1.2752
3184,000090.SZ,20240403,0.9779,0.7,4.4657,0.7933
3190,603906.SH,20240403,2.3929,1.3,7.6252,1.448
3192,603929.SH,20240403,6.6803,3.98,16.6518,3.3518
3194,002718.SZ,20240403,2.2861,0.92,17.7665,1.6037
3198,603700.SH,20240403,0.7253,0.86,19.104,1.5481
3199,002960.SZ,20240403,0.8333,0.68,17.1636,1.8133
3202,002734.SZ,20240403,8.5538,4.76,12.5277,1.0794
3209,603693.SH,20240403,0.2334,0.86,19.6301,1.4767
3216,000030.SZ,20240403,0.7373,0.67,18.5998,1.2519
3219,000950.SZ,20240403,0.8777,1.16,9.6003,0.8301
3226,603998.SH,20240403,1.5692,1.48,16.8556,3.4851
3227,001206.SZ,20240403,3.9153,0.56,16.2117,1.3795
3228,000792.SZ,20240403,0.8389,1.99,11.5679,2.8692
3230,603558.SH,20240403,1.7651,1.32,15.3539,1.702
3246,603587.SH,20240403,0.3298,0.96,16.2751,1.714
3249,000933.SZ,20240403,2.359,2.05,8.5297,2.5403
3252,603307.SH,20240403,12.2051,2.54,11.6323,2.1276
3259,000683.SZ,20240403,1.19,1.14,8.6547,1.6413
3260,600874.SH,20240403,0.7747,0.96,10.5093,0.9968
3269,000930.SZ,20240403,0.5858,0.96,10.7953,1.068
3270,002346.SZ,20240403,0.7474,1.06,9.8877,1.5809
3276,600803.SH,20240403,0.3005,1.18,8.2014,2.4586
3289,603681.SH,20240403,0.9407,1.15,11.0506,1.0338
3299,600618.SH,20240403,0.7149,1.43,7.4421,1.3057
3301,605169.SH,20240403,3.4579,1.88,16.441,1.4848
3320,603260.SH,20240403,0.3044,1.95,11.9316,1.9159
3322,601339.SH,20240403,0.2675,0.95,5.3849,0.8379
3325,002304.SZ,20240403,0.2107,0.66,16.0607,2.8895
3339,603836.SH,20240403,6.1229,2.5,9.7519,1.597
3349,002801.SZ,20240403,4.6655,1.62,17.1814,3.2973
3352,603183.SH,20240403,1.3702,0.85,18.4929,1.2736
3353,000498.SZ,20240403,0.7127,1.25,3.5275,0.6971
3354,603115.SH,20240403,1.1661,1.79,13.5507,1.5985
3358,600587.SH,20240403,1.2739,0.86,16.4124,1.4666
3378,000407.SZ,20240403,1.296,0.85,19.2205,1.0223
3380,603551.SH,20240403,0.4741,0.83,18.5044,3.024
3386,002884.SZ,20240403,1.0985,1.11,16.9797,3.3575
3387,601012.SH,20240403,0.7765,0.69,10.1559,2.1217
3393,600383.SH,20240403,1.5539,1.06,18.6048,0.254
3400,000728.SZ,20240403,0.6663,0.87,15.5607,0.8405
3404,002738.SZ,20240403,5.336,2.08,9.0838,2.488
3418,000419.SZ,20240403,1.344,1.04,18.1256,0.8214
3422,603706.SH,20240403,1.4063,1.61,19.7001,1.7366
3423,600513.SH,20240403,1.529,0.85,19.5578,1.9499
3427,600885.SH,20240403,0.8639,1.02,19.7162,3.4337
3430,603043.SH,20240403,0.3664,0.77,18.4017,2.7699
3436,601668.SH,20240403,0.2932,0.78,4.2477,0.5326
3438,601163.SH,20240403,1.0065,1.21,18.1877,1.0702
3452,600661.SH,20240403,3.4657,0.97,17.5858,12.968
3455,002595.SZ,20240403,0.2446,0.86,17.875,3.3456
3459,600180.SH,20240403,0.8148,1.19,12.407,0.7091
3461,002469.SZ,20240403,1.8302,0.93,13.8196,1.4347
3462,600999.SH,20240403,0.1507,0.86,14.0411,1.1505
3463,002936.SZ,20240403,0.4643,0.57,9.6321,0.4198
3467,601177.SH,20240403,0.8961,0.95,16.1074,1.4821
3478,002748.SZ,20240403,18.0144,4.06,12.3355,1.6689
3483,002550.SZ,20240403,1.1786,1.29,19.8649,2.6038
3490,600368.SH,20240403,1.8596,0.88,7.8902,0.8268
3491,003023.SZ,20240403,3.2109,0.94,18.362,1.212
3496,002133.SZ,20240403,2.1225,0.9,19.5872,0.5423
3499,002457.SZ,20240403,2.3214,0.76,16.1704,1.204
3501,601231.SH,20240403,0.2495,0.92,15.8524,1.8619
3503,600226.SH,20240403,0.6388,1.0,17.1776,2.5637
3509,001203.SZ,20240403,2.797,1.89,13.4382,2.7057
3519,002102.SZ,20240403,3.7062,5.5,14.8143,1.5703
3526,601607.SH,20240403,0.8477,1.01,17.0816,0.9393
3530,000718.SZ,20240403,0.7467,0.69,17.8036,0.6691
3531,002141.SZ,20240403,5.0804,1.34,9.8667,2.0304
3533,600500.SH,20240403,0.5469,0.96,11.6952,0.9192
3541,000650.SZ,20240403,1.1487,0.95,16.0357,1.535
3542,605058.SH,20240403,0.9362,0.73,19.171,1.5967
3552,001979.SZ,20240403,0.6565,0.89,12.976,0.8314
3577,601311.SH,20240403,0.644,0.82,19.9925,1.0329
3587,600929.SH,20240403,1.3572,1.32,13.0718,1.3475
3589,600028.SH,20240403,0.1579,1.11,13.0875,0.9676
3593,002825.SZ,20240403,2.0452,0.73,7.3112,1.8878
3616,600273.SH,20240403,1.1299,1.14,9.4336,1.1372
3622,601077.SH,20240403,0.6375,0.71,4.8752,0.4592
3625,600801.SH,20240403,0.5985,0.84,10.7634,1.0275
3627,603759.SH,20240403,0.6677,0.98,14.1019,1.3313
3634,603203.SH,20240403,0.7131,1.06,18.2471,3.7068
3645,600420.SH,20240403,0.9948,0.89,17.0196,0.9505
3661,000661.SZ,20240403,0.5995,0.71,10.9694,2.2535
3670,600017.SH,20240403,1.1359,1.67,13.6335,0.6569
3673,601038.SH,20240403,0.73,0.67,19.0125,2.8328
3679,603067.SH,20240403,1.9904,1.62,11.3774,1.7428
3682,600595.SH,20240403,3.8465,2.62,15.0472,1.1905
3684,002588.SZ,20240403,1.8187,1.44,17.318,1.2756
3685,002649.SZ,20240403,3.586,1.0,19.8735,1.5173
3686,000672.SZ,20240403,0.5971,0.84,7.7542,0.836
3694,600658.SH,20240403,0.617,0.78,7.5597,0.5926
3695,002697.SZ,20240403,2.3588,1.56,12.5792,1.7171
3703,603686.SH,20240403,1.3718,1.01,14.4261,1.1505
3706,002768.SZ,20240403,1.1662,0.86,8.6189,1.3039
3709,002135.SZ,20240403,0.6335,1.0,18.905,0.8835
3710,003013.SZ,20240403,0.7474,1.37,14.079,2.5202
3714,600491.SH,20240403,0.7853,0.85,11.6636,0.3838
3745,600496.SH,20240403,0.7332,0.96,8.2387,0.6965
3746,601677.SH,20240403,2.8063,1.81,9.2349,0.9457
3750,000685.SZ,20240403,0.7094,0.84,10.7187,0.7078
3751,002986.SZ,20240403,0.864,1.14,12.7663,1.4932
3756,603018.SH,20240403,7.2358,0.76,8.3287,1.1769
3763,600157.SH,20240403,0.7933,0.95,15.7098,0.6548
3765,002772.SZ,20240403,3.1373,0.87,19.0483,0.8856
3767,002394.SZ,20240403,1.5217,1.11,15.7197,0.6449
3772,000612.SZ,20240403,9.0299,2.55,14.3133,1.4631
3781,002328.SZ,20240403,1.2406,0.95,12.8626,1.2354
3784,000563.SZ,20240403,0.5617,0.82,14.1729,0.8978
3785,600078.SH,20240403,1.7427,1.66,8.5517,2.4696
3788,600815.SH,20240403,0.4085,0.72,16.2842,2.4981
3792,605259.SH,20240403,1.5426,0.68,13.3656,1.8648
3797,000859.SZ,20240403,0.9628,1.01,16.8494,1.3471
3805,002756.SZ,20240403,3.269,2.03,4.4162,2.1877
3808,002404.SZ,20240403,1.6116,0.99,13.8176,1.5911
3809,600057.SH,20240403,0.6168,1.25,5.8958,1.0578
3810,000921.SZ,20240403,0.6118,0.65,15.7366,3.2879
3826,600382.SH,20240403,0.8523,1.71,11.3873,0.9452
3827,603725.SH,20240403,2.5781,0.88,18.902,3.1715
3830,000598.SZ,20240403,0.6996,0.85,12.0852,1.1748
3832,002706.SZ,20240403,1.9993,0.85,16.7709,2.0724
3835,002064.SZ,20240403,0.424,1.03,12.7904,1.4942
3839,600267.SH,20240403,0.5879,0.93,19.5366,1.1588
3840,001914.SZ,20240403,0.4493,0.67,14.7148,1.1093
3844,603303.SH,20240403,0.4514,0.61,16.5719,1.7853
3866,003011.SZ,20240403,10.8722,2.57,8.2925,1.1646
3870,603360.SH,20240403,1.9706,0.8,13.1573,3.3385
3873,000875.SZ,20240403,0.7354,0.79,18.36,1.0529
3874,600521.SH,20240403,0.4602,0.95,16.4912,2.4575
3878,601018.SH,20240403,0.1766,1.03,14.7521,0.9197
3885,000408.SZ,20240403,1.5621,1.7,15.4167,4.0377
3886,600117.SH,20240403,0.1777,0.91,5.251,1.6496
3888,600919.SH,20240403,0.4823,0.85,5.7253,0.7011
3890,605266.SH,20240403,0.3493,0.48,16.0426,2.1392
3891,603326.SH,20240403,5.7312,0.62,18.1335,2.2466
3899,002164.SZ,20240403,1.8117,0.85,8.0933,2.015
3903,603948.SH,20240403,0.8768,1.09,11.4115,1.7957
3905,600655.SH,20240403,0.7375,1.51,12.146,0.6768
3907,601006.SH,20240403,0.441,0.99,11.6258,0.8905
3910,002763.SZ,20240403,1.0175,0.56,17.1516,1.5443
3914,600548.SH,20240403,0.4944,0.86,9.3427,1.1843
3928,002136.SZ,20240403,3.0026,1.58,8.089,1.7925
3934,603506.SH,20240403,1.0931,0.84,11.6656,1.5642
3947,002572.SZ,20240403,0.8697,0.74,14.3873,2.1846
3952,603519.SH,20240403,0.7184,0.98,5.8306,2.2757
3958,002083.SZ,20240403,1.0777,0.83,18.4729,0.9592
3966,601665.SH,20240403,0.8045,0.62,5.9976,0.5976
3973,600757.SH,20240403,1.2577,0.79,13.0462,1.07
3974,002949.SZ,20240403,8.8056,2.46,15.882,1.7464
3978,600982.SH,20240403,0.7237,0.87,12.1374,1.0666
3983,600739.SH,20240403,0.4857,1.33,13.0398,0.5472
3991,600963.SH,20240403,0.4931,0.94,14.5867,0.9876
3994,600284.SH,20240403,0.8464,0.76,10.1884,0.7817
3995,000651.SZ,20240403,0.4574,0.69,9.2767,2.0232
4002,601200.SH,20240403,0.4964,1.12,18.8854,0.9641
4008,000993.SZ,20240403,4.1216,0.69,19.2935,1.8415
4015,001286.SZ,20240403,2.5098,0.84,15.0818,1.6189
4022,603416.SH,20240403,0.9773,0.89,18.5794,1.9331
4023,000550.SZ,20240403,1.1428,0.82,17.2046,2.4528
4027,601877.SH,20240403,0.3155,0.96,10.7895,1.1377
4030,000726.SZ,20240403,1.1207,1.9,5.4447,0.5829
4032,002274.SZ,20240403,1.9517,1.11,8.9437,1.4979
4034,601326.SH,20240403,0.5488,0.95,12.0783,1.0038
4045,603355.SH,20240403,0.4845,1.67,14.2553,3.5432
4081,605060.SH,20240403,1.5056,3.23,16.3758,1.8339
4086,600566.SH,20240403,0.7291,1.13,16.1706,2.8166
4087,601886.SH,20240403,1.0309,0.64,10.4911,0.9969
4091,601388.SH,20240403,9.1773,1.82,18.0642,1.6121
4100,600101.SH,20240403,3.0561,1.14,18.6114,1.1841
4106,600461.SH,20240403,0.598,0.69,12.6203,1.4857
4113,601678.SH,20240403,1.3692,1.8,7.2302,0.7519
4129,601789.SH,20240403,1.8998,0.64,12.931,1.0498
4135,601336.SH,20240403,0.3011,0.56,10.9284,0.9062
4136,601615.SH,20240403,1.6176,1.32,6.2998,0.7623
4146,000951.SZ,20240403,1.1944,0.82,18.3564,1.3468
4155,001333.SZ,20240403,3.019,1.41,17.6966,1.494
4163,600866.SH,20240403,0.9727,1.1,12.1539,1.0001
4167,600648.SH,20240403,0.3316,0.75,8.6377,0.8543
4171,600967.SH,20240403,0.7423,1.21,16.3598,1.2064
4173,600039.SH,20240403,0.4014,1.22,6.1169,1.5429
4179,000663.SZ,20240403,3.1863,1.08,8.3667,2.1454
4182,601113.SH,20240403,7.7122,5.33,9.0683,1.1823
4187,000709.SZ,20240403,0.7535,1.42,16.3017,0.4431
4188,002391.SZ,20240403,1.029,1.06,13.7668,0.7646
4191,600356.SH,20240403,0.9659,0.75,16.4114,0.8944
4205,603886.SH,20240403,0.7276,0.57,14.3913,2.3957
4207,605099.SH,20240403,0.1541,0.88,19.484,3.6015
4209,002109.SZ,20240403,0.5256,1.14,13.2866,1.0275
4214,601827.SH,20240403,0.2981,0.59,11.2142,1.2508
4220,002757.SZ,20240403,1.9132,0.66,14.7858,1.8065
4234,603637.SH,20240403,1.4833,0.74,18.1461,1.9116
4235,000968.SZ,20240403,1.9146,1.78,12.16,1.2215
4237,600089.SH,20240403,0.7038,1.06,4.9437,1.3196
4242,600888.SH,20240403,2.9756,2.01,7.4059,1.19
4243,600340.SH,20240403,0.9164,0.97,3.4369,0.6201
4245,603209.SH,20240403,2.968,2.29,16.5538,1.8918
4254,605507.SH,20240403,0.7163,1.14,9.43,1.1881
4274,000019.SZ,20240403,1.5961,0.93,18.5789,1.6454
4280,603801.SH,20240403,1.1619,0.56,13.5262,2.2077
4290,002267.SZ,20240403,0.5728,1.46,12.0525,1.1698
4298,002611.SZ,20240403,6.2722,0.76,19.1619,1.8821
4304,603329.SH,20240403,2.5237,1.37,14.8713,2.0499
4305,000700.SZ,20240403,4.9505,0.66,12.3417,1.8157
4310,002176.SZ,20240403,13.4474,4.61,8.2809,4.6731
4318,000567.SZ,20240403,0.3183,0.9,17.4049,2.2764
4327,601958.SH,20240403,1.667,2.21,12.0666,2.4419
4329,601208.SH,20240403,2.375,0.82,19.4156,1.8664
4333,600997.SH,20240403,0.7894,1.19,11.4894,0.8798
4335,600216.SH,20240403,0.9888,1.05,16.8826,0.9575
4336,600419.SH,20240403,1.4426,1.1,16.9575,1.3932
4337,603758.SH,20240403,2.1356,1.18,17.9574,1.808
4340,600230.SH,20240403,1.4513,1.27,11.3224,1.1805
4342,605028.SH,20240403,3.4688,0.8,13.7066,1.9847
4347,600007.SH,20240403,0.6175,0.91,19.0705,2.4756
4358,601369.SH,20240403,0.4197,0.5,16.2369,1.7962
4361,603515.SH,20240403,0.2994,1.02,15.6403,1.9236
4365,600956.SH,20240403,0.5625,1.04,16.521,1.7502
4366,601818.SH,20240403,0.3766,0.52,4.4323,0.404
4367,600926.SH,20240403,0.3207,0.78,5.7478,0.7228
4370,000529.SZ,20240403,3.5988,3.27,4.0246,1.1967
4376,000799.SZ,20240403,1.0921,0.91,17.8512,4.4473
4379,002386.SZ,20240403,3.2472,2.17,11.4904,0.7918
4385,002668.SZ,20240403,1.3869,0.86,11.081,6.1646
4392,002968.SZ,20240403,1.9782,0.61,12.0589,1.9119
4406,600976.SH,20240403,1.0432,0.53,17.062,3.9583
4411,003816.SZ,20240403,0.2897,0.86,18.7876,1.7794
4413,002632.SZ,20240403,5.1788,0.68,16.8317,2.4045
4417,002332.SZ,20240403,1.7676,1.06,13.1999,1.7484
4424,000655.SZ,20240403,2.9902,2.3,16.8796,1.2155
4425,605009.SH,20240403,0.6553,1.4,14.5397,2.0862
4429,002603.SZ,20240403,0.5,0.8,14.3387,2.8563
4438,601825.SH,20240403,0.4428,0.64,6.055,0.6044
4440,000885.SZ,20240403,1.0709,0.91,7.7266,1.1168
4449,603456.SH,20240403,0.9666,0.81,17.5322,1.9222
4457,603585.SH,20240403,0.597,0.93,7.0959,0.9393
4461,002821.SZ,20240403,1.3835,0.89,13.8567,1.7986
4464,000902.SZ,20240403,0.8473,1.68,10.6945,1.5139
4465,600746.SH,20240403,0.4231,1.42,15.6516,1.5498
4471,601083.SH,20240403,22.0401,5.36,18.3344,1.6795
4485,600330.SH,20240403,1.0972,0.69,14.6481,1.2162
4487,000708.SZ,20240403,0.1584,0.85,13.471,2.0218
4489,603399.SH,20240403,6.5959,2.62,8.8921,2.1818
4499,002043.SZ,20240403,1.1752,1.15,18.709,2.7934
4507,603639.SH,20240403,0.7492,1.29,11.4195,1.5685
4509,605377.SH,20240403,0.5375,1.22,15.4958,1.8857
4526,002887.SZ,20240403,1.8331,1.06,14.8116,1.034
4527,002392.SZ,20240403,1.0213,0.92,16.7712,0.8352
4537,603367.SH,20240403,0.6041,1.14,19.3489,1.2143
4554,002955.SZ,20240403,0.9677,0.68,15.3319,1.693
4556,601838.SH,20240403,0.3059,0.59,5.2258,0.8552
4562,600784.SH,20240403,0.7282,1.0,11.5573,1.3059
4593,603889.SH,20240403,0.8728,1.98,12.9174,1.5891
4599,601997.SH,20240403,0.7015,0.75,3.281,0.3642
4602,000630.SZ,20240403,5.9916,1.91,19.0676,1.626
4604,000778.SZ,20240403,1.1402,1.4,9.5947,0.6376
4610,603833.SH,20240403,0.3923,0.9,15.351,2.4157
4618,600499.SH,20240403,0.8585,0.92,9.9284,1.8222
4622,601225.SH,20240403,0.3721,0.83,7.1023,2.7931
4624,002398.SZ,20240403,2.5388,1.09,14.6564,0.8488
4630,000048.SZ,20240403,1.0826,1.08,5.2957,2.4003
4634,600332.SH,20240403,0.3486,0.82,11.6773,1.3563
4637,002966.SZ,20240403,0.7162,0.92,6.6907,0.6883
4641,000507.SZ,20240403,1.1054,1.16,15.1809,0.9413
4648,002705.SZ,20240403,1.5747,1.69,15.4478,1.9572
4652,601919.SH,20240403,0.7013,1.33,7.0758,0.8609
4657,600720.SH,20240403,0.8533,0.54,11.6624,1.6527
4671,600783.SH,20240403,0.267,0.69,17.6471,1.9272
4673,600511.SH,20240403,1.3009,0.93,11.9188,1.6213
4677,600079.SH,20240403,1.3437,1.06,14.9433,1.8715
4683,603538.SH,20240403,0.9319,0.67,8.7924,1.4474
4684,002302.SZ,20240403,1.0919,1.76,13.193,0.9116
4700,002958.SZ,20240403,0.5023,0.65,6.5695,0.4609
4704,000999.SZ,20240403,0.6108,1.1,17.6097,2.6488
4706,600713.SH,20240403,0.8482,1.27,10.2941,0.9746
4708,603071.SH,20240403,1.3657,1.57,7.6952,1.656
4715,002011.SZ,20240403,0.9601,0.83,16.0258,3.1507
4716,601998.SH,20240403,0.077,0.77,4.9622,0.5316
4720,002244.SZ,20240403,1.2281,1.03,5.5891,0.8285
4725,001217.SZ,20240403,24.984,1.57,19.4804,1.9993
4726,000680.SZ,20240403,2.4379,0.41,16.3925,2.2522
4740,600113.SH,20240403,2.0551,0.6,16.1243,1.4312
4743,601860.SH,20240403,0.8558,0.66,5.9484,0.5337
4754,600665.SH,20240403,1.0074,0.67,7.1618,0.5722
4758,002601.SZ,20240403,3.0991,2.69,13.9646,2.1152
4768,001227.SZ,20240403,0.9155,0.69,8.2129,0.5094
4775,603305.SH,20240403,1.4752,0.79,18.1519,2.0854
4776,001230.SZ,20240403,2.3541,1.42,17.4474,1.2598
4783,601009.SH,20240403,0.1832,0.94,5.1134,0.6974
4784,603300.SH,20240403,1.5985,1.01,18.3171,2.2195
4787,002573.SZ,20240403,0.5344,1.02,14.9041,1.0189
4793,002645.SZ,20240403,6.3998,1.5,17.0351,1.9173
4799,601089.SH,20240403,1.2447,0.92,14.9863,2.1119
4803,002867.SZ,20240403,0.7608,1.19,19.4747,3.4476
4805,600858.SH,20240403,2.8088,1.81,11.4507,0.9559
4807,603095.SH,20240403,3.1672,1.2,7.4108,1.3287
4814,600428.SH,20240403,1.7777,1.3,12.0418,1.1106
4816,600531.SH,20240403,9.4674,1.85,18.2158,1.6364
4817,002498.SZ,20240403,0.339,0.81,15.9633,1.6246
4825,601319.SH,20240403,0.1274,0.71,10.2535,0.9635
4828,600694.SH,20240403,1.4162,2.4,9.7338,0.6409
4834,600704.SH,20240403,0.9448,1.62,6.1214,0.7064
4839,002092.SZ,20240403,1.3451,1.25,17.6658,0.5181
4840,603661.SH,20240403,1.2472,0.95,18.2553,1.82
4848,002687.SZ,20240403,2.3363,0.88,14.9916,1.9885
4861,000514.SZ,20240403,1.5623,0.58,17.8821,0.8003
4862,600282.SH,20240403,0.5399,0.99,14.156,1.1335
4865,600741.SH,20240403,0.5659,0.75,7.5997,0.9491
4872,603908.SH,20240403,3.2394,1.1,16.5322,4.1196
4877,002758.SZ,20240403,1.4476,1.0,8.416,1.1719
4886,601186.SH,20240403,0.4842,0.63,4.4698,0.4659
4890,600787.SH,20240403,0.3955,0.96,16.8539,0.8192
4891,600985.SH,20240403,1.8433,1.65,7.5848,1.1784
4893,002803.SZ,20240403,3.8667,0.73,18.6425,2.8212
4894,603077.SH,20240403,0.6963,1.04,5.4749,1.0537
4898,603733.SH,20240403,0.3884,0.69,17.5428,1.8421
4902,002774.SZ,20240403,1.7072,1.0,16.6629,1.904
4905,603896.SH,20240403,1.0877,0.65,18.5275,2.5878
4918,600170.SH,20240403,0.8509,1.47,15.731,0.7353
4919,603589.SH,20240403,0.6749,0.78,15.912,2.6373
4925,601019.SH,20240403,0.4217,0.88,13.3129,1.6248
4933,603216.SH,20240403,7.9944,0.48,11.5161,1.4513
4935,601881.SH,20240403,0.5355,0.59,16.4597,1.2886
4939,603181.SH,20240403,0.3828,1.36,12.5848,2.2445
4946,603201.SH,20240403,1.3793,0.74,16.0969,1.9993
4947,002541.SZ,20240403,3.6703,1.66,10.1983,1.3507
4948,002478.SZ,20240403,3.9656,0.75,7.724,1.1568
4951,600016.SH,20240403,0.1974,0.57,4.9254,0.3331
4952,601619.SH,20240403,0.6678,0.78,15.5943,1.3206
4964,001322.SZ,20240403,2.2374,0.49,16.097,1.9604
4969,000707.SZ,20240403,2.6953,1.47,3.9288,1.7846
4971,600732.SH,20240403,0.9874,0.65,10.84,2.6371
4973,600705.SH,20240403,0.3717,0.72,15.8078,0.7196
4987,002833.SZ,20240403,2.1103,1.09,19.1906,3.5592
4991,000060.SZ,20240403,3.4682,2.24,15.3229,1.5102
4996,002367.SZ,20240403,1.3878,0.69,15.5339,1.6457
5008,001223.SZ,20240403,4.4355,1.07,15.9879,1.5596
5014,603109.SH,20240403,1.8694,0.52,15.249,1.9079
5021,600279.SH,20240403,0.7144,0.91,8.2321,0.8259
5029,603599.SH,20240403,0.5728,0.69,5.7352,1.4185
5033,601898.SH,20240403,0.3691,1.27,7.9956,1.0837
5040,600502.SH,20240403,1.5069,0.71,5.4033,0.8421
5050,002950.SZ,20240403,1.2233,1.37,12.2668,1.5539
5052,002048.SZ,20240403,0.7356,0.82,10.5324,0.864
5054,601636.SH,20240403,0.9092,1.03,15.3869,1.5235
5060,603916.SH,20240403,1.0784,1.17,13.2298,0.9127
5063,605088.SH,20240403,15.5129,3.18,15.0399,2.2122
5068,603339.SH,20240403,1.1179,0.49,10.6024,1.4285
5070,000878.SZ,20240403,8.0326,1.96,17.9427,2.0369
5092,601900.SH,20240403,1.1285,0.69,14.131,1.812
5095,600522.SH,20240403,1.6607,1.36,14.1454,1.3856
5096,603185.SH,20240403,0.7804,0.85,5.6471,1.1189
5098,002124.SZ,20240403,16.4254,1.98,15.798,2.1866
5099,000582.SZ,20240403,0.9346,1.15,13.9658,1.092
5108,002001.SZ,20240403,0.3118,0.73,14.574,2.1803
5111,605366.SH,20240403,1.04,0.82,12.8064,2.2895
5115,002266.SZ,20240403,1.1306,1.24,12.7294,1.6886
5117,603062.SH,20240403,2.9662,0.61,18.1024,2.2332
5119,601717.SH,20240403,1.2982,0.95,8.5788,1.377
5128,002871.SZ,20240403,3.7538,0.95,14.9945,2.6109
5130,600846.SH,20240403,0.7252,0.79,14.4196,1.3617
5132,002810.SZ,20240403,1.6081,1.06,13.7242,2.4234
5139,002140.SZ,20240403,0.8895,0.86,16.7784,1.4396
5145,002128.SZ,20240403,1.0291,1.72,10.008,1.3207
5148,603486.SH,20240403,0.969,1.6,11.5365,2.9996
5156,601088.SH,20240403,0.1685,0.85,13.1771,1.9247
5160,600765.SH,20240403,1.5813,1.18,16.5374,1.8892
5161,603282.SH,20240403,1.1881,0.88,17.1669,2.4147
5162,600729.SH,20240403,2.6223,1.02,12.8361,1.056
5178,600755.SH,20240403,0.8559,1.24,4.5878,0.7747
5180,600486.SH,20240403,0.5675,0.97,14.3098,2.3155
5183,002714.SZ,20240403,0.8645,1.06,18.6461,3.8528
5188,601512.SH,20240403,0.2804,1.7,7.5795,0.8778
5194,605033.SH,20240403,5.6923,1.43,14.8257,1.909
5198,002972.SZ,20240403,6.1867,0.82,19.5447,1.9734
5205,603797.SH,20240403,1.1979,1.85,10.4532,0.9557
5206,603137.SH,20240403,3.345,1.04,18.1932,1.8731
5211,002497.SZ,20240403,2.5475,1.51,2.9079,1.186
5215,603928.SH,20240403,1.2133,0.6,19.3029,1.4879
5230,600928.SH,20240403,0.2994,0.59,6.3428,0.5057
5235,002460.SZ,20240403,3.142,1.42,16.266,1.7108
5239,600905.SH,20240403,0.5214,0.96,18.8797,1.6377
5242,600104.SH,20240403,0.1786,0.93,12.596,0.6255
5261,001301.SZ,20240403,7.4218,3.21,7.0918,1.6608
5269,600143.SH,20240403,0.6451,1.15,9.7473,1.1735
5271,002585.SZ,20240403,1.1048,0.73,11.4339,0.8375
5278,002831.SZ,20240403,0.3577,0.91,15.7288,2.213
5280,600894.SH,20240403,1.5068,1.24,15.4384,0.8706
5285,603236.SH,20240403,1.1862,0.63,16.6565,2.9578
5290,000786.SZ,20240403,0.7354,0.99,14.2582,2.1505
5293,001210.SZ,20240403,2.505,1.11,18.3883,1.3901
5307,002479.SZ,20240403,0.8553,0.85,14.9316,0.9779
5309,601921.SH,20240403,1.6415,0.75,13.5984,1.5036
5310,002925.SZ,20240403,0.3706,0.62,17.4909,2.4255
5312,603799.SH,20240403,6.5885,2.39,13.9085,1.6937
5317,605138.SH,20240403,5.8234,1.31,11.1087,1.6276
5318,605365.SH,20240403,4.5113,0.79,18.0651,2.6006
5340,600987.SH,20240403,1.1644,0.98,11.9779,1.3288
